username,discord_id
ramarnav11_05,
radha,
jai_s_96,
prashant,
himanshugupta.396,8.61867E+17
navneetcjoshi123_13,
srishti.0118_75,
rupamgumber38_48,
mtyagi_17,
sakshisingla2108_67,
vaidehiatpadkar1_93,
prarthnamittal27699_58,
vaibhavi.katiyar_81,
mrkh901_48,
rishipandey1322_23,
pythoncoder40_95,
shreyaaggarwal209_14,
kritika610123_39,
h.agarwal1279_92,
anjali_j_59,
sg_36,
vanshita_jr_34,
mayank.mjindal.j_70,
b20199_20,
ichbinmandeep_39,
chhonkar002kunal_48,
Kanishktyagi200_37,
hrishikeshmane16289_28,
neetu.cogni_27,
ankitbabbar23_24,
gurtejsingh57862_53,
ashu1111bansal_91,
explorin_vedant11,6.27117E+17
arpit_39,
sakshipahariya03_70,
neeru_g_25,
tarun.123.goyal_90,
Kjindal119_22,
jayanttanwar33_80,
sourabyadav004_43,
kartikhajela194_46,
chinnathumbalam.tarun121_77,
Singh.spriya31_14,
rathour8696_10,
rohitpateliitr_52,
vad070702_40,
mridulgupta0704_30,
himanshu1_02,
chandigarh_43,
mohita0987_47,
muskangarg.official_31,
Prakshi Gupta,
6113dev_30,
Priyanshi,
mohitk20072000_67,
Kajalsinghmbd2001_39,
shi.tiw.deos_52,
arshaggarwal25_79,
aswinprasad2000_41,
manvendrasinghjodha5_8,
alokkaviya7_96,
rohit_p_54,
keshavkaushikiitr_86,
gudduchoudhary2002_71,
raselranamallick_60,
yadav432pooja_14,
ruhiscience_59,
vishalpal2223_73,
tanusharma0801_3,
neha1475_87,
priyanshukumart9p14_63,
admin_35,
patlejayesh20_95,
dhruvbansalnmh_45,
gori00001_82,
asr2k18_27,
adityamohite825_87,
aaditya9316_53,
forscams1002_5,
natansh_g_65,
ishaanjain21_26,
samarthnautiyal2100_57,
shobhit_j_39,
sgarg0164_9,
meenadharmsingh43_64,
priyanshusmail_69,
sumedhbhalshankar17_23,
anshukumar199618_21,
lakshyasoni018_43,
babanamdev13_82,
rushisurya2705_41,
mritunjay0174_62,
sauravaryan155_8,
kruthikeshm_75,
nehasingh742877_5,
pattabhimadhavi20_86,
mahenoor620655_55,
guptaprachibly_40,
amankishor119_44,
salmanengis6397_23,
uk15102000_53,
chinmayikasana_39,
rupinderkaursidhu0786_88,
tiayau18_83,
vsingh4_35,
nikhilmishra496_32,
hk23146207_16,
ssirvi128890_60,
kundu4coding_12,
sakshijain.20bcdn009_06,
kajalmeena2191_68,
193007_10,
kishlay.raj.58152559_27,
shindeshweta100_17,
abhiroopsk_27,
utkarshanu23_7,
vaishnav111002_99,
Kaushikgarima300_46,
poojac12300_80,
singla.hitu30_92,
harenderk62_65,
topposteven2000_15,
kukreti.karan_72,
harshbansal9136_60,
basanwal87_79,
rkuri50866_51,
gagan.jasuja.cd.civ20_75,
khushig2002_51,
rawatvanshita2002_22,
kritika_74,
valmikigayathridevi_10,
garg.abhishek07_56,
prakharsh3_61,
nakshsinghhh1_90,
shlokbishtalm_73,
shrutisinghal48_64,
rinkeshm2017_47,
nikhillsinggh911_24,
akkisadhwani.as_6,
chetanmittal277_84,
rbansal1_91,
official.aryanmishra_25,
vinayagarwal3672_49,
thestorytelling52_93,
shalupandey581_28,
lokeshbaghel352_74,
vaggarwal1_19,
advaitavatsa_16,
akashkrgaya9_65,
antara_d_81,
garvitagarwal984_83,
iverma_61,
aasim.ashai_83,
akushagra05_85,
ravichandra498_84,
rr_goyal_36,
kamal_j_42,
VSVATANTRA46AIR_70,
pawank290999_32,
rr_zaveri_76,
rohit_d_66,
djsjprashant928_60,
dixitashu999_13,
nitesh_k_48,
madhumithakatreddy13_29,
suhani20_73,
anurag_9,
vinityt20_66,
yash_d_86,
adityautkarsh19_38,
afiz52112_67,
adityaanandaa28_59,
manojks21_7,
armeet20_25,
aprilsamad9_38,
sarnav20_38,
jain.pulkit712_13,
akhemuka_93,
piyush.parik01_36,
sauhard_n_3,
ankitdhaker111_37,
akshayprasad1299_82,
pinakiarya_27,
harshit20_70,
anupsinghair1_77,
rajpuraman_22,
nidhiyadav54321_84,
amitkg_11,
anuj_v_25,
drakhu20_86,
rajeshmahalle22_16,
2003subhrajit_72,
shubhagrawal101295_22,
adityaj20_16,
rchatt20_50,
krantre2502_50,
prajwalkhobare_94,
mayank7302_52,
shivamg_50,
rizwanqureshi9026_78,
akash00.ab_67,
ppsute_25,
kshahare79_22,
abhateja_22,
vpavank20_92,
shivangi.srivastava2001_95,
adityaps20_65,
aakarsh2mittal_17,
Vijaykc_0,
dharun21_4,
aktomer_10,
sandeep452393_61,
shwetankrathore5_63,
adarshk.238_29,
divyansh_45,
aayusht21_2,
vaibhavgoyal2506_87,
shefalis20_25,
mithunkrishnan98_82,
cjaiswal_25,
sshivam20_12,
tashish_7,
daksh.shrivastava16_92,
vidhi_p_61,
priyanshubhargav28_64,
saisankarpatnala_4,
ssirothia20_89,
sirothiashantanu_64,
azaruddinaskarali_46,
akashtake1904_7,
nareshsivani2001_71,
avibal25_1,
niranjan333053_59,
gavishsaraf_54,
sumanth_s_81,
gklnath23_32,
jahase3507_17,
porikanithyanand_52,
rajanik_38,
deysouradip4_35,
jhyothsna.june_21,
arijit3ghosh_47,
bholeshwarj_29,
sharhp_50,
aradhanasocio_50,
aradhna_71,
bhavesh21_7,
jayaprakashnapa2003_54,
draditimehta01_18,
sirigunturu99_71,
yuvraj_sb_60,
panshul_84,
shubhamkadamn_96,
prafful_v_34,
rajritik20_28,
ay.aman192001_47,
nivin2002_75,
avniag20_31,
nishanthsekar2002_56,
avinashchowdary1998_75,
nishant7ajnoti_90,
karandh83_96,
ijeet978_97,
ayushibhairam2512_5,
gautham.manuraj5_16,
askarnav10_96,
yashd20_27,
rmishra1_38,
itsmywall05_40,
abhinavsingh2626_36,
achhar_s_5,
sourabhmishra1262_51,
lalpanda6_77,
pawarmayur79792_86,
tusharladdha2002_4,
cyobfsaput_16,
sahith5603_19,
rajankunal.nwd2013_1,
chhaviagrawal2830_44,
mahendrakumawat2208_7,
ehteshamahmad120_39,
revanth.gadireddy_27,
lalithsai20_27,
sujith1279_76,
yashparakh15296_64,
eshu_5,
mdnasirgreen_13,
mahirgupta1221_28,
bhavyasikarwar_96,
ujjwalchitransh18_94,
maxpriyanshu2020_65,
devansh_y_30,
mohitmac26_25,
s.akash1188_11,
mayurpawar1259_52,
iamyashshah5.ys19_87,
jayprakashb10_58,
anjani_kt_8,
manish71074_36,
a_roy_57,
sreeprudhveenadh_84,
karankumar0456_5,
hitesh_c_92,
chirayusood7312_48,
kartiksangal94_69,
vijay91kondeti_0,
sparshgupta1103_92,
patilsn20_9,
aryanmeenaofficial_32,
ayush_a_34,
shivam_p_6,
kunal.kandhari27_75,
Prashastha_nj_16,
gopalgupta8216_13,
pjanhavi01_34,
deepak2002td_29,
ar.soni016_41,
saifali9680_57,
apoorvaj20_29,
tc02122002_70,
akankshapriya2162000_94,
krishgautam9_62,
brownbearbuzz_34,
gargikulshrestha434_45,
gkulshrestha_86,
okatiyar_70,
revanshphirani_72,
aruntejbhukya20_75,
tanishq2002.mbd_25,
varshiniratnapu.nitt_92,
samarthpran_93,
ganesh_k_46,
adityamodi13111999_53,
abhishek148600_81,
akumar_6,
aadityaprasad612_88,
ymohit2911_24,
tbtodkar20_73,
1216div_63,
sampramod21_48,
a_gajanan_31,
aditya_g_45,
vikas_c_49,
aarya2457_23,
kalashtripathi4_22,
talook2508_86,
kkkkk102293893929299283_66,
akahirwar20_2,
singhaaishpal_78,
honeygoyal0001_12,
agrawaladitya048_29,
abcaisha0_38,
saylis21_47,
aasthabhalla3199_62,
usamaghayassyed_8,
kancharla_nb_30,
rkj1411hp14pb2_80,
rvarma_84,
ketandhanuka19_87,
akshat2002goyal_38,
rishipratp181_53,
rajshivamgroup122_73,
sudhanshujiterwal_93,
bhuvanmurugavel_62,
harshsar20_81,
manishiet40_83,
archi_g_74,
saitejavelaga11_40,
r_parashar_49,
bannebavitha_55,
skumar14_45,
aswin9866_0,
kalpeshk4590_34,
vinipokharna_76,
harish_81,
shubhanr20_62,
vikram.ananthan_65,
vrngupta53_3,
ankitdewangan2002_86,
navneets20_99,
gaurav15raj.aw_76,
ashishb20_70,
kumarharshit989_26,
akshatn20_6,
ramprasathsrr_51,
nomails.please_47,
anshikagoel24_14,
shashank_m_53,
vaibhavchaudhari262001_87,
chitranshu_v_86,
dipti_p_18,
dhruv_s_64,
raubensawale_65,
gaurukolte_57,
pahul_ss_44,
ananthakrishnan389_58,
shivednrajaiswa_78,
kaumodaki7_55,
ajitks20_45,
subodhbhowate251_26,
satishkumarcse1995_60,
rsagrawalsanyam_64,
gerdodemlo_51,
shubhratag1234_4,
saurabhkumar841301_3,
samridhisinha24_5,
vijaykc_15,
aakashiitd18_37,
amishashende03_17,
rahulgulati976_43,
soumikgooo7_46,
pradyumny007_33,
pavani0302_63,
ANANYA414_29,
awesomenarang_83,
MANIISHSINGHAL_75,
jai_s11_46,
vipinjangidktl2132001_63,
jai__42,
karanbedi0304_64,
prajwal_t_51,
kbirthala_7,
asmita_m_74,
Kathit_d_90,
jai88.3344_60,
JAI7878.32_64,
arushi_a_33,
jay123kha_21,
sanya_s_62,
rb299912_8,
20bee089_51,
prathamesh1309_65,
ramarnav11111_45,
shraddhasbisen_49,
sefadula_23,
sumitmishra11999_64,
bansalshubham396_46,
advaitpardeshi_76,
shaily222333_46,
saitanusha19_58,
raghava02.pranathi_16,
konamanchilihemanth001_7,
btech10718.20_89,
sidrocks2303_68,
karthikeyan17jaiho_44,
pranjal.carmel_3,
stararnav11_90,
divyansh_b_4,
suriyars001_47,
a.yuvi2003_60,
isro2050_50,
aashwin_s_82,
106120071_94,
ayushman746_51,
bkakilan_36,
jayantag.nitt_76,
pranavksridhar_15,
anushkaccl0009_14,
rritik7294_91,
jagdalerutuja3june_88,
gouravkumar192837_4,
amogh.p20_12,
saivinay.b20_60,
armaantalks_24,
nikhil.km20_40,
suryasrinitya.n20_30,
Gnanasanjay.k20_5,
parthivsarkar360_49,
joshiindraraj844_51,
kaifmd45_40,
nitishkumar70355_22,
sushantmundhe5_30,
arpansamueltopno_54,
Ritikkumar262_65,
srishti_k_94,
rohithboppey1298_62,
saikiran.r20_23,
riaz.arefin316_95,
shreyabhagat2002_95,
mrapoorvaverma31_80,
saurabh.k20_28,
goelparas31_96,
rupashree_p_26,
varun.m20_47,
Jaibalasrujan.m19_70,
jeevana.k20_59,
madhukar2002_15,
kanusharma3345_19,
pratyakshasharma2001_30,
tushar_c_92,
raghuwansabhi2001_0,
bada_k_85,
sakshat1310jain_96,
jaya.jk_61,
aparnaa003_47,
sanjanak98_34,
rahuljaya007_37,
kabilanp942_20,
mohansaikrishna.m20_12,
greeshwar02_39,
srisreyagrandhi_85,
devansh_k_97,
shivshankar07123_96,
sknitt23_2,
436prathap_56,
prateekchouhan123_49,
Vikrambikku2000_18,
m.s.s.renuka_93,
notices.samarth_69,
arjun_v_52,
saisreekar.v20_75,
manojsrinivas2242_73,
devansh20053_44,
cheekudaksh_60,
vishnusaivarshith.k19_89,
sanketkumar2587_61,
aryanthakur0407_75,
mishra.prashant1997_87,
rishabh_l_70,
yash.hingane.27_67,
rohith_vb_38,
realchitransh_28,
pragyan2001yadav_62,
rahulranjan0909_18,
yogesh20163_24,
karanjayswal99_55,
205221025_78,
veerapavan1138_16,
abro45172018_0,
yash.hiray13_98,
Kumarjnv111_2,
rishitupadhyay202_40,
sinhashambhavi1204_42,
harsh178goyal_63,
smkpriyadharsan_38,
neetesh20212_78,
unez.13_8,
harshagarwaltill2050_18,
kanak1995_69,
nishaant20091_36,
abhix945_4,
am.ankitmaheshwari28_61,
hemantsharmars1_31,
bampet2003_90,
antriksh_g_58,
shreyas.k20_70,
jbnbiz1_90,
kurelli_d_46,
bhargavanaidujammu8143_31,
kmaddhesiya_69,
aayushsethiya2509_58,
chahattaneja20_48,
chahat.maths6207_90,
mvarun2702_70,
anubhav.arun9_39,
n_srivastava_65,
ajs.jassal_65,
sibiseenivasan_85,
sakshichapke5_8,
sakshi.chapke4_41,
darshanynnk_35,
amitbksc2390_26,
anshulmapwal_27,
amoghagrawal1_51,
surjeet0305kanojia_60,
malipatel_r_45,
pragya_p_6,
barathrocky2110_92,
20je0243_96,
lillykumari.b19_76,
wagisha_g_38,
shankarsreenu.v18_49,
tanyarajput107_86,
ajaykg6917_20,
naman.84.kumar_11,
soumiksbiswas_55,
NAMAN.8400.KUMAR_44,
singh.bhanu568_23,
2002adityasingh_2,
kishoresesha007_57,
shreyansraj3_60,
meomek2003_73,
ramashisx_3,
kavyasaiisheka.y20_45,
lakshyajoshi1310_32,
hharihans_70,
ramharshavardhan123456789_0,
sanchuchhabra5_5,
aggarwalyashi49_81,
tkartikeya24_39,
himanshu_y_53,
mohammadrehank51_10,
harshps2408_2,
chaudharyakce_74,
pavan4517patel_27,
ee3200597_26,
aayushi2912singh_22,
rakshitjoshi30_56,
harshsaini1303_2,
tanmay.mohanty18112002_10,
adityapriyam16_75,
01ajay01kumar_66,
arinagrawal39_74,
aaryaattrey_25,
bhargavram.g19_62,
aryanasura1809_80,
f20200078_9,
ayush311003_4,
avinashpk16_89,
f20200500_49,
shivam.8764098505_83,
f20200095_91,
atulya0282_15,
vijayakrishnan.rak_30,
amnishsingh04_14,
vartikjain45_3,
nachikotalwar_8,
sashisarath10_55,
anchitkothari121_99,
ankush.251218.agarwal_82,
himanshusb547_67,
somuy24_90,
ar3932017_66,
jmahak420_33,
naveensanip_96,
abhinavpratihari627_3,
barvind45_94,
yoginathislavatha143_52,
araviadm29_63,
mohammednayab000_17,
mohitsharma472005_75,
shana_91,
kumarindramanisingh_22,
aumkaar.sachin10_75,
ritikt20_74,
mehulverma256_48,
gaganajitsingh.sid_78,
anjalisingh.ajs15_40,
f20200119_49,
sauravthacker9929_9,
gdivyansh20_18,
devansha20_52,
memaria210_73,
apurvsingh28_34,
gaurangdangayach02_50,
raju.singh675478_51,
akshaym21_18,
vipinkumar017k_57,
sahilm21_17,
mukullawas.ms_31,
siddhant7876_44,
pgrudra_73,
vasujain20_49,
dkjha20_29,
ankit_d_26,
adityamadhok1010_82,
kanameena119_82,
ankit.rishu06_24,
divyeshdhojak_80,
rockron2002_70,
pawantr_9,
kottev55_15,
nishant007.01_45,
kranubhav25_87,
jaikishan1203_67,
jaksan_62,
nayana.a.nandanam_52,
divyasharma1509ds_55,
harsh30199_5,
ashoka.iitk_60,
sanskarsghyar_97,
gauravraj20_84,
darshk20_71,
pcasind_58,
alicemiddha2301_14,
btech10605.20_50,
pk18062001singh_41,
avinashchowdary1998.1_56,
rajnishtiwari2032_4,
bandavya111002_86,
srinibasp23_16,
anandmodinitt19_83,
aditisandeep2_36,
bhoomich1602_95,
dibyopanda20_19,
rdutta2597_63,
ankit_b_41,
sarink1401_89,
dikeshkumar9406_82,
ishpreetsinghsood_20,
bidhishag21_34,
jsubash016_32,
rajayush0751_8,
f20200951_35,
priyaa20_7,
in.vishrutishrivastava_7,
patiltushar1620_86,
ruhi.asthana13_55,
abhijithreddydasari_79,
mridulasarma.m_14,
sarvagya.jain00_44,
1by20ec190_39,
adityagoel1011_96,
eagarwal2015_29,
krishna24sah05_94,
chinnathumbalam.ambuja121_0,
anoushkas20_67,
Dreamer_78,
vaibhav_s_86,
swedish.pratham_60,
theblackstorm_39,
angelmehtaatm_14,
gargaayush1908_58,
yshivangi20_17,
niteshmahawer1_49,
swapnilmandloi7_13,
nikita_b_95,
sid.f553_66,
ky.kunal08_20,
abhinandan0872_13,
adityakumar95850_64,
ishandilya_58,
keshavbidawatka12_63,
rk6218824_84,
rhythmjindal02_79,
habah_3,
yash.tbsplanet_96,
athsmiarva756_80,
om_s_74,
ravindrachellingi_75,
rupamgumber02_57,
jjcrazy3_29,
maheepathiveena1003_60,
nikhilaggarwal122_11,
aryangarg370718_18,
vermarohit1629_17,
dhanadiakhushal_40,
ruchika_e_35,
akshatag20_23,
mohd_s_27,
Kanchan6375220081_4,
priyanshu_s_10,
jaiswalratan531_94,
rinkulalmeena1996_84,
pjilowa_54,
kidrahahjo_98,
vikram_74,7.80417E+17
mohitrajbhar49_38,6.65931E+17
sandeep_k_85,7.79638E+17
akash_t_72,7.92017E+17
vaibhavs.s97r_15,
aannsshhuu23_37,
sparsh.gupta6077_81,7.60486E+17
mohitverma0612_1,7.26164E+17
rohan_km_24,7.74999E+17
mimansa.gupta14_50,
lomsha_45,7.88034E+17
rishabhranjan411_61,7.60904E+17
manan_j_40,7.71236E+17
dasari_s_15,7.88965E+17
priyanka_k_87,7.75597E+17
sj.shreyanshjain2002_64,
daminikalthiya2410_49,8.01519E+17
rupashreepradhan2002_8,7.75195E+17
mohit_g_14,8.22772E+17
iasnavu748_74,7.74264E+17
rraman0923_67,7.81842E+17
rajanmehra0506_6,
utkarsh2304003_27,7.74644E+17
Yogeshrwadile_42,
huddaravina236_85,7.8478E+17
mahirgupta163_52,7.69622E+17
rohit_l_99,7.08186E+17
harshgarg7696_25,
shashank.1993d_4,
singh.shivansh8_53,
rahul_b_12,6.99635E+17
ishans.iitr_68,5.38734E+17
smarcha_13,7.36967E+17
utkarsh.mathur_5,
priyanka_g_46,7.82873E+17
vinayak_sp_60,7.60826E+17
srimishra16_3,
satyaki_k_62,7.56392E+17
spoorthykalluri31_78,
amitguptarajasthan_70,
divyansh_s_56,7.47722E+17
rajkumar_c_35,7.79931E+17
sarthak_j_66,7.59799E+17
aryan_k_81,
sudhanshumaheshwari559_46,5.91251E+17
ashitanihore,7.86207E+17
modi_sp,7.69596E+17
anshuvarshney,
prashantgupta3010,7.80979E+17
kevinpatel112,
aditya_m112,
tarang_t831,7.79746E+17
priyanshi_g,8.31834E+17
rahulbawa514,
shreyas_ad021,7.60076E+17
_52,
Shivendra_119,
Vinay_986,
ShahperZia_286,
boring_166,
Manas_232,
abhi_931,
Agam_244,
shivansh_554,
unknown02_177,
jeet_977,9.19226E+17
gaura_252,
shivam_799,7.47808E+17
vaibhav_151,8.73105E+17
Tanishq_393,7.91755E+17
rupam_818,7.51843E+17
aditya_989,
arth_593,
mansha_859,9.60078E+17
parth_28,7.32914E+17
satyarth_995,9.28242E+17
anuj_508,
kashish_559,
ash.ojha82,
texplorin,
yash_503,
shresth_866,
abhayjit_350,
mehak_10,8.9576E+17
mohitfageria_261,8.22455E+17
rajg_212,9.74563E+17
pranjal_7,
aftab_372,
pundreek_391,
sujash_743,
Arya_29,
hitesh_505,
shubham_203,
shubhamm_25,
atharva_487,9.07865E+17
yogesh_867,7.80077E+17
shivprakash_749,
kartik_236,
dreamer46_396,
karan_787,
swapnil_512,7.42652E+17
Tirth_310,8.96068E+17
kartik_g_40,
gaurav_401,
unknow_239,
aakash_732,9.64102E+17
ujjwal_890,
sherry_687,7.33245E+17
akshit,
jaiswal_715,
Amol_652,
ayush_782,
abhishek_admin,
rajendra_615,
anujexplorin_39,8.01666E+17
chandan_60,9.55301E+17
kriti_35,8.30865E+17
subek_73,
shamz_69,
ishant_27,9.17643E+17
nishant_86,
yashhh_90,
shivammm_57,
vivekk_31,9.17098E+17
bhavna_73,
drup_95,
ikshuda_25,7.61172E+17
nikhill_15,7.23498E+17
oakpawaskar_80,
kajal_72,
udit_60,7.72027E+17
puneet_99,9.76544E+17
neha_74,9.79692E+17
ritesh_30,7.80957E+17
devansh_91,
Shivji_14,9.4341E+17
akashecell_77,
sumit_20,7.8223E+17
hemant_97,7.86272E+17
harshit_95,
manass_90,
saurabh_34,7.8621E+17
medha_74,
medhaa_41,
Divyansh_92,
annie_68,
sejal_43,7.97677E+17
kishlaycogni_90,7.47173E+17
ronnit_64,
devraj_93,
whoami_55,9.30507E+17
nikhill_61,
raman_69,9.13622E+17
vaishnav_90,7.68086E+17
simmi_87,8.95642E+17
amit_77,
meow_76,
trayamb_24,
Gourav_93,
harshitverma_97,
harshitdreamer_67,
yashasvi_55,9.2461E+17
None_24,
None_46,
None_50,
None_30,8.02104E+17
revansh_70,
revanshh_21,
priyanshu_45,
abhishekshah_77,
Shrey_32,
jai1_51,
prashannt1_75,
doda1_24,
prashant1_18,
dreamer1_0,
dreamer2_97,
dreamer3_62,
dreamer4_10,
dreamer6_66,
dreamer7_83,
dreamer8_59,
dreamer9_51,
dreamer10_31,
dreamer11_64,
dreamer13_53,7.78599E+17
dreamer14_74,
dreamer15_94,
dreamer16_34,
dreamer17_40,
dreamer19_71,
dreamer20_87,
dreamer21_71,
dreamer22_95,
dreamer23_51,7.92712E+17
dreamer24_27,
dreamer25_91,
dreamer26_24,
dreamer27_22,9.1005E+17
dreamer28_92,
dreamer29_31,
dreamer30_6,
dreamer31_30,8.14403E+17
dreamer32_35,
dreamer33_24,7.56781E+17
dreamer34_7,4.4078E+17
dreamer36_12,9.21791E+17
dreamer37_86,9.81477E+17
dreamer38_17,9.85078E+17
dreamer39_48,
dreamer40_10,
dreamer41_55,
dreamer42_86,7.50977E+17
dreamer43_88,
dreamer44_39,9.82344E+17
dreamer45_9,
dreamer48_47,
dreamer49_1,
dreamer50_22,
dreamer51_12,
dreamer52_53,
himankg_39,
sadf_94,
sdfa_14,
sadf_49,
sdfa_56,
sadf_84,
sdfa_8,
sadf_47,
sdfa_34,
sadf_41,
sdfa_36,
sadf_82,
sdfa_16,
rizull_76,7.91718E+17
riship_48,5.68485E+17
nitinn_14,9.191E+17
pranavg_14,
moksham_4,
Pratham_Sahil__31,
Vishrut_Soni_56,
Siddharth_Choudhary_62,
Amber_Raghuwanshi__2,
Harsh_15,
Yash_Awasthi__60,
Omprakash_meena__67,
Manish_Kumar__73,
Yash_Mehra_96,
Vikram__16,
Cheerag_Sridhar__74,
Zugzwang_16,
Aditya_Phadnis_26,
Shyam_Patel_44,
Rahul_50,
Ishika_82,
jagriti__20,
Gunjan_98,
Aryan_Mehra_36,
MD_NAYAB_ANSARI_11,
Aarav_Baliyan_41,
Ansh_Bhardwaj_32,
Anuj_kumar__44,
Harshit_56,
Prithvi__41,
ECHRA_02__58,
anmoll_22,
archna_24,
adityan_47,
Rishav_Kapoor_44,
JATIN_45,
Sanskaar__21,9.82985E+17
Nidhi_92,9.10884E+17
Tejaswi_Rawal_53,
Satyavan_98,
Tanishq_Agarwal_7,
vij_53,
yashveer_30,
anupp_56,
diya_91,
shalin_32,
amankumar_53,
arsh_80,
satyam_36,8.41046E+17
shivsingh_67,
utkarsh_12,
Houshik_43,
Somesh_Verma_63,
Tanmay_Bakshi_5,
Rohan_Rana_67,
Tanay_Jha_96,
Aman_25,
Shagun_Sinha_46,
Ayush_70,
Arshia_3,
Deepika_0,7.78617E+17
Because_I_want_to_find_my_passion_and_i_want_to_work_on_that_1,
No_85,
Zul_Quarnain_Azam_20,
bhaps_91,
jayesh_82,
hardik_3,
pritam_27,8.39185E+17
soniya_56,9.85861E+17
kajal_14,7.94624E+17
jyotirmay_44,
Mehul_Gupta_42,
Vedanti_79,
Ashima_Goyal_1,
Neha_Mahendran_Nambiar_43,
Ok_82,
Dhananjay_Goel_80,
Agam_57,
Ritik_26,
Jigyasa_S_30,
Rami_98,
Shreyash_Bodhe_91,
Chirag_Kumar_14,
Priyank_Mundra_14,
Harsh_Jha_22,
Sourajyoti_Das_46,
Harsh_Kumar_26,
UJJWAL_KANTI_PRAMANICK_17,
Dev_Jariwala_8,
Aditya_Mohite_81,
Prathamesh_14,
Prathamesh_Patil_85,8.16312E+17
Mayank_Rajput_8,
Shrutika_80,
Praneeth_Chamala_29,
Abhishek_gurjar_17,
Pamarthi_Yasoda_Gayathri_58,
Kapil_59,
Sathvik_74,
Chetna_26,
Don't_know_26,
Yes_67,
Gyanaballav_25,
Amit_kumar_65,
Abhyuday_Agrawal_56,
Shashi_80,
Aditya_Daga_22,
Aditya_Gupta_19,
Aniket_25,
Sainath_54,
Sure_1,
Dhiraj_32,
Anuraj_Shrivastava_28,7.8557E+17
Srishti_96,8.16297E+17
Avneesh_Kaur_Gokhlani_42,
Prashant_kumar_68,
Ayushi_Bhairam_94,7.60472E+17
Utkarsh_Rajpal_95,
Aman_14,
Sandeep_63,
Manu_53,
Tasin_74,7.86205E+17
Aman_Dixit_13,
Spark_63,
Sushant_0,7.76869E+17
Mritunjay_Agrahari_6,
Savish_Bedi_4,
Ananya_5,
Confused_between_careers_due_to_lot_of_options!_92,
Himanshu_43,
Aditya_33,
Pratyaksha_Sharma_50,
Rushikesh_Suryavanshi_49,
Ankit_Pal_Writer_41,
Kishore_Khumar_16,
Harsh_15,
Ritik_16,
Swaraj_Jagade_43,8.00294E+17
Prashant_Kumar_8,
Dheeraj_49,
Leader_24,
Parth_Gupta_79,
Mohit_89,
Champ_49,
Poonam_Bhargava_37,
Amit_59,
Hridyansh_singhal_31,9.20197E+17
Gunjan_39,
Subodh_24,
Varun_89,
Pratham_Patidar_60,
Dishant_Vishwakarma_97,7.68035E+17
Shrivardhan_9,
Haneela_67,
Aaryan_36,
Bharat_93,
Devansh_5,
"I_am_determined,_passionate_and_ambitious_about_my_goals_and_work._93",
Yes_and_an_achiever_too_._99,
Ankit_71,
Pratyush_Mangal_30,
Nihitha_55,
SHREY_MAPWAL_95,
Kamal_25,
Bhunesh_38,
Ankit_Maheshwari_56,
imskanand_34,
Shahriar_98,
Nida_Khan_83,8.17301E+17
Tapishna_68,
Chirag_40,
Sam_11,
Abhi_95,8.92332E+17
Mayur_Mankar_60,
Gavin_Bedi_11,
srilekha_67,
Nischal_Jain_54,
Lalit_61,8.36105E+17
Kriti_11,
Radhika_Goel_0,
Shubham_Gupta_61,
I_prefer_to_strive_for_perfection_88,
Uttkarsh_31,
RASHIL_SHAH_13,8.49879E+17
Nitish_Kumar_21,
Smit_patel_76,
Harshit_Agarwal_40,
Siddhant_18,
Janvi_Madhok_46,
Ashraf_60,
Aman_akarshan_sinha_88,
Kushagra_Agarwal_81,
Rahul_Chavan_28,
Karan_gill_22,
Ashish_49,
Sudar_3,
Gaurav_4,
no_69,9.28256E+17
Aishwarya_Ahuja_73,
"Yes_,_as_I_am_enthusiastic_to_learn_new_things_and_explore_different_fields_and_get_mastered_in_it_._0",
Jai_Vinayak_Goyal_52,
Rohit_92,
Yes_49,
7089223272.0_86,
Rauben_Sawale_50,
Anant_Shinde_89,
Sukriti_0,
Geetika_Racherla_6,
Ritul_kumari_64,
Samyak_Jain_61,
Ayushi_Raj_60,
Sameer_Kumar_24,
Rishita_Maheshwari_21,
Himanshu_Ranjan_33,6.64115E+17
PRAKASH_TANDI_37,8.24225E+17
Ankit_Dudi_47,
Divyansh_85,
Kanish_92,
Azad_Singh_71,6.92549E+17
Amrit_Raj_30,
Yes!!!_Sir!_11,
Manav_46,
Sarthak_Agar_52,
Anviksha_Middha_97,
Gautam_kumar_72,
MANASI_NANDKISHOR_BADADE_69,
Archita_61,9.87013E+17
Jeya_kumar_96,7.91663E+17
Yash_20,
Kumar_Muravath_96,
CHAITANYA_SHARMA_70,
Anushka_38,
Aman_deoli_50,9.87026E+17
Manya_Jain_33,
Aakash_22,
Krati_Garg_38,
Vaibhav_27,
Vanshita_Saavarna_98,
Arin_Bansal_81,
Aaditya_Vijayvargiya_32,
Amritanshu_Kumar_54,
Thrishul_80,
Ankit_Yadav_65,
To_find_my_passion_68,
Krishna_Kumar_Lalwani_67,
Prabhanshu_54,
Waseem_79,
Laxmipriya_Jena(Piya)_45,
Sanjay_54,
Srihith_54,
curat2o3nte2ster_1,
curationte2ster_57,
test_57,
test_user_5,
curatio3nte2ster_31,
Aditya_Banduke_91,
Rishi_47,
Pinaki_9,9.87419E+17
Hardik_Daga_99,
Tanisha_73,
Honey_Agrawal_29,9.24326E+17
Aditi_Tripathi_43,
Aditya_16,
Sahithi_24,
Ishu_74,
Deeptanshu_Rai_47,
Adibhatla_Sri_Shraddha_0,
Nothing_else_66,
Manjit_Gupta_82,
Harshal_0,
Krithika_mittal_63,
Xoxo_58,
Chandrashekar_1,
Saumya_Sheth_11,
Shruti_Lohar_19,
Gopal_Maheshwari_37,
Rishi_jain_14,
Jonah_Gilchrist_Julian_49,
Vivek_11,
Dhana_Srinivas_64,8.97504E+17
Kunal_Dhingra_15,
Mithilesh_26,
Because_I_am_passionate_about_technology_99,
Pahul_Singh_62,
Ankan_86,7.77953E+17
Ankit_Pandey_15,
Aman_30,
Gurwinder_Singh_60,
Siddharth_Nagaria_91,
rohit_33,
Pratyush_Raj_0,
Ayush_Saini_7,
SP_28,
Mukul_11,
Piyush_Sharma_34,
Bhaskar_10,
Sahil_Bomidwar_59,
Santosh_patil_1,
Shreyash_suryawanshi_99,
Harshith_R_K_98,
mohammed_hamza_33,
Vishnu_8,
Shivamani_34,
Pawan_48,
Shalini_anand_89,
Rohan_10,
Mahak_18,
Shrevesh_40,
karanbn_77,4.36862E+17
